thread_id,timestamp,user_query,response
1,20:56:45,"In the stories, who is lily?
","Lily is a young bee who lives in the vibrant meadows of Blossom Valley. Although she is smaller than the other bees, she compensates for her size with a deep love for flowers and her family. Lily spends her days collecting nectar and learning the art of honey-making from her mother and dance patterns for communication from her father.

One day, while exploring a field of wildflowers, a storm sweeps her away to a strange land. Determined to return home, Lily embarks on an adventurous journey filled with challenges, where she meets various creatures that teach her valuable lessons. After overcoming numerous obstacles, she finally returns to Blossom Valley, where her family celebrates her safe return and the wisdom she gained from her experiences.

Lily's adventures transform her into a seasoned adventurer and storyteller, inspiring other young bees to explore the world while being aware of their surroundings and prepared for the unexpected. She continues to live happily with her family, cherishing her love for flowers and the lessons learned during her journey."
1,20:58:02,"what is your name 
",I am called Assistant. How can I help you today?
1,20:58:23,"i need your help 
",Of course! I'm here to help. What do you need assistance with?
